feature,mean_shap
gender,0.015526597606477765
SeniorCitizen,0.015526597606477408
